lv1,lv2,lv3,lv5
网络资源,应用服务,有机服务,ftp
网络资源,应用服务,有机服务,ssh
网络资源,应用服务,有机服务,telnet
网络资源,应用服务,有机服务,smtp
网络资源,应用服务,无机服务,dns
网络资源,应用服务,有机服务,tftp
网络资源,应用服务,无机服务,finger
网络资源,应用服务,无机服务,http
网络资源,应用服务,无机服务,rpcbind
网络资源,应用服务,无机服务,ident
网络资源,应用服务,无机服务,nntp
网络资源,应用服务,无机服务,msrpc
网络资源,应用服务,无机服务,netbios-ns
网络资源,应用服务,有机服务,netbios-ssn
网络资源,应用服务,有机服务,imap
网络资源,应用服务,有机服务,snmp
网络资源,应用服务,无机服务,https
网络资源,应用服务,无机服务,rtsp
网络资源,应用服务,无机服务,socks
网络资源,应用服务,有机服务,wms
网络资源,应用服务,有机服务,remoteanything
网络资源,应用服务,无机服务,pcanywherestat
网络资源,应用服务,无机服务,http-proxy
网络资源,基础设施,自治域,
网络资源,基础设施,网络,
网络资源,基础设施,交换节点,
网络资源,基础设施,链路,
网络资源,基础设施,终端节点,服务器
网络资源,基础设施,终端节点,笔记本
网络资源,数据资源,代码,
网络资源,数据资源,文本,
网络资源,数据资源,图片,
网络资源,数据资源,音频,
网络资源,数据资源,视频,
